timestamp,prompt_version,change_made,problem_or_reason,observed_result
2026-10-03T11:00:00+05:30,V1,Created basic Master System Prompt for Python learning,Initial baseline needed for the prototype,Generated basic Python explanations successfully
2026-10-03T11:10:00+05:30,V2,Added Beginner Intermediate and Advanced difficulty adaptation,Initial explanations were too generic,Clear difference in explanation depth across levels
2026-10-03T11:20:00+05:30,V3,Added structured learning flow with Concept Syntax Example and Practice,Response structure was inconsistent,Lessons became easier to display in the application
2026-10-03T11:32:00+05:30,V4,Added structured JSON output schema,UI parsing was difficult with free-form responses,Predictable machine-readable lesson output
2026-10-03T11:44:00+05:30,V5,Added Quiz Mode with 5 MCQs and 4 options,Students needed knowledge checking after learning,Quiz generation worked consistently
2026-10-03T11:55:00+05:30,V6,Added few-shot examples for quiz generation,Question and answer formatting varied,More consistent MCQ structure and answer keys
2026-10-03T12:06:00+05:30,V7,Added off-topic and invalid-input guardrails,Users could enter non-Python or empty requests,Invalid and off-topic requests were handled correctly
2026-10-03T12:18:00+05:30,V8,Added output validation and JSON repair instructions,Some responses contained missing fields or Markdown fences,Cleaner valid JSON responses were produced
2026-10-03T12:30:00+05:30,V9,Added Diagnostic Quiz and topic-wise performance analysis,The system needed to identify student knowledge gaps,Strong Developing and Weak topics were identified
2026-10-03T12:42:00+05:30,V10,Added personalized weak-topic prioritization,Generic revision did not target individual weaknesses,Topics with lower performance were prioritized
2026-10-03T12:55:00+05:30,V11,Added 4-session personalized revision path,Students needed a clear step-by-step learning plan,Revision sessions were generated from diagnostic results
2026-10-03T13:07:00+05:30,V12,Added retest generation for weak topics,Need to measure learning improvement after revision,New retest questions were generated without copying previous questions
2026-10-03T13:15:00+05:30,V13,Added final prompt chaining and self-check instructions,Individual prompts needed to work as one complete learning workflow,Learn Quiz Diagnose Revise and Retest flow worked end-to-end
2026-10-03T13:20:00+05:30,V14_FINAL,Combined validated prompts and evaluation requirements into Final Master Architecture,Final integration required a stable prompt system for demonstration,Final prompt architecture passed the prepared evaluation cases